WeightFunction,AvgFee,AvgFeePerSat,AvgPathPe,NumSuccesses,SuccessRate (%)
CLN,208.8165554565217,0.0034230520856888096,0.3001019130434783,92,93.87755102040816
Combined,248.18413332608696,0.003942244696150663,0.3273547934782609,92,93.87755102040816
Eclair,220.65260636956523,0.003746046160635798,0.3336815108695652,92,93.87755102040816
LDK,203.21514864130435,0.003348020025446265,0.3389455434782609,92,93.87755102040816
LND,567.4282366304349,0.0043594624368630645,0.3852059456521739,92,93.87755102040816
