WeightFunction,AvgFee,AvgFeePerSat,AvgPathPe,NumSuccesses,SuccessRate (%)
CLN,544.0751759349006,0.020786761838155237,0.4928099439421338,1106,58.64262990455992
Combined,378.00653781317,0.022599027796274433,0.5153707036753445,1306,69.24708377518559
Eclair,335.13326497189695,0.02282975042576939,0.5232315597189696,1281,67.92152704135736
LDK,459.9657328742762,0.021590099334249147,0.5453334094292804,1209,64.10392364793212
LND,461.8232121887608,0.018366301420397253,0.5219469185878962,1388,73.5949098621421
