WeightFunction,AvgFee,AvgPathPe,NumSuccesses,SuccessRate (%)
CLN,154.22954741666666,0.3590116666666667,48,100.0
Combined,148.7069625625,0.2791700833333333,48,100.0
Eclair,155.60601675,0.278822575,40,83.33333333333334
LDK,138.49897047916667,0.3378573541666667,48,100.0
LND,132.6561773695652,0.20757765217391305,46,95.83333333333334
