WeightFunction,AvgFee,AvgFeePerSat,AvgPathPe,NumSuccesses,SuccessRate (%)
CLN,134.41805493333334,0.01313626080166163,0.42545666666666665,30,30.612244897959183
Combined,155.07999299999997,0.014751568056131209,0.4651950303030303,33,33.6734693877551
Eclair,156.0356352647059,0.014415450686313565,0.4840341764705882,34,34.69387755102041
LDK,129.32971031428573,0.011505198346357274,0.48135631428571424,35,35.714285714285715
LND,185.65975728888887,0.010311133671433874,0.4745471777777778,45,45.91836734693878
