WeightFunction,AvgFee,AvgPathPe,NumSuccesses,SuccessRate (%)
CLN,329.2771658318584,0.3025058008849557,452,98.68995633187772
Combined,221.04750337045454,0.24525556363636364,440,96.06986899563319
Eclair,126.50602401488095,0.2532960386904762,336,73.36244541484717
LDK,220.20807075223212,0.27711709598214285,448,97.81659388646288
LND,211.1246150506024,0.1825199156626506,415,90.61135371179039
