WeightFunction,AvgFee,AvgPathPe,NumSuccesses,SuccessRate (%)
CLN,1106.9910395918366,1.0,98,100.0
Combined,438.84069712244894,2.142857142857143e-06,98,100.0
Eclair,2942.888477163265,4.36734693877551e-06,49,50.0
LDK,550.1300934285714,4.326530612244898e-06,49,50.0
LND,122.94975718367346,4.081632653061224e-08,98,100.0
