WeightFunction,AvgFee,AvgPathPe,NumSuccesses,SuccessRate (%)
CLN,324.29462346153844,0.2636970604395604,182,93.81443298969072
Combined,323.8663133777778,0.25317917777777776,180,92.78350515463917
Eclair,338.5685761978022,0.2951683901098901,182,93.81443298969072
LDK,313.44076443956044,0.2988361153846154,182,93.81443298969072
LND,547.1716218296702,0.346680532967033,182,93.81443298969072
