WeightFunction,AvgFee,AvgPathPe,NumSuccesses,SuccessRate (%)
CLN,1263.0836673333333,0.0,90,97.82608695652173
Combined,1243.9613185333333,4.444444444444444e-08,90,97.82608695652173
Eclair,1982.6599723777779,1.1222222222222222e-06,90,97.82608695652173
LDK,1276.5453163666666,6.666666666666667e-08,90,97.82608695652173
LND,1688.533363788889,1.1111111111111112e-06,90,97.82608695652173
