WeightFunction,AvgFee,AvgPathPe,NumSuccesses,SuccessRate (%)
CLN,442.87302096,1.0,50,100.0
Combined,450.1736762,1.0,50,100.0
Eclair,3378.14914162,0.37356422,50,100.0
LDK,434.80948703999996,0.2593185,50,100.0
LND,4595.69276416,1.0,50,100.0
