WeightFunction,AvgFee,MedianFeePerSat,AvgPathPe,NumSuccesses,SuccessRate (%)
CLN,337.0765229261745,0.0007445143115840057,0.4760351661073825,596,64.22413793103449
Combined,292.7780974031008,0.0006978869850347525,0.5175482170542636,645,69.50431034482759
Eclair,356.3920532222222,0.0012718652288804583,0.5143231015873015,630,67.88793103448276
LDK,277.11980971935486,0.0006875651486145994,0.5220470403225806,620,66.8103448275862
LND,473.8395755052474,0.0012810792588639262,0.5287738065967017,667,71.875
