WeightFunction,AvgFee,AvgPathPe,NumSuccesses,SuccessRate (%)
CLN,28418.285111333334,0.2578338201754386,456,97.02127659574468
Combined,28672.234837396896,0.2553472039911308,451,95.95744680851064
Eclair,28444.699166024126,0.2879086425438596,456,97.02127659574468
LDK,28409.427431379387,0.29026701535087723,456,97.02127659574468
LND,28707.596868493423,0.3277305043859649,456,97.02127659574468
