WeightFunction,AvgFee,MedianFeePerSat,AvgPathPe,NumSuccesses,SuccessRate (%)
CLN,544.0751759349006,0.0007375683258604653,0.4928099439421338,1106,58.64262990455992
Combined,378.00653781317,0.00167028592879774,0.5153707036753445,1306,69.24708377518559
Eclair,335.13326497189695,0.0015148248074268649,0.5232315597189696,1281,67.92152704135736
LDK,459.9657328742762,0.0007255067881489262,0.5453334094292804,1209,64.10392364793212
LND,461.8232121887608,0.0015121427199063229,0.5219469185878962,1388,73.5949098621421
