WeightFunction,AvgFee,AvgFeePerSat,AvgPathPe,NumSuccesses,SuccessRate (%)
CLN,206.7708750769231,0.024599559777474248,0.5740855769230769,52,56.52173913043478
Combined,211.2376768392857,0.025738632256230656,0.5732322678571429,56,60.86956521739131
Eclair,207.5308498490566,0.026275572088059352,0.588643,53,57.608695652173914
LDK,190.91224712727274,0.022832392231321517,0.6042751999999999,55,59.78260869565217
LND,254.70533514516129,0.020464773402185284,0.583514629032258,62,67.3913043478261
