WeightFunction,AvgFee,AvgPathPe,NumSuccesses,SuccessRate (%)
CLN,140.32337238202246,0.2348533988764045,178,95.6989247311828
Combined,132.1220781931818,0.24569013636363637,176,94.6236559139785
Eclair,158.20286233146066,0.27160454494382025,178,95.6989247311828
LDK,129.05490078651684,0.27511008988764046,178,95.6989247311828
LND,513.3013502655367,0.2800292316384181,177,95.16129032258065
