WeightFunction,AvgFee,AvgPathPe,NumSuccesses,SuccessRate (%)
CLN,164.51658378260868,1.0,46,92.0
Combined,157.56166547826086,1.0,46,92.0
Eclair,974.785643978261,0.4155506739130435,46,92.0
LDK,149.31126519565217,0.3034822608695652,46,92.0
LND,3991.048842695652,1.0,46,92.0
